orignal_density,best_fit_density
8.077428713,8.039643999
0.785331627,0.8039644
0.81863338,0.8039644
0.792814952,0.8039644
0.828905263,0.8039644
